text,label
"I wonder whether people actually change, or just get better at hiding who they are.",Thoughts
"Been reflecting on how much of my day runs on autopilot.",Thoughts
"Maybe ambition and contentment are not opposites after all.",Thoughts
"It's strange how a smell can bring back a memory from ten years ago.",Thoughts
"I keep coming back to the question of what counts as a meaningful life.",Thoughts
"Time seems to move faster the more routine my weeks become.",Thoughts
"Perhaps the things I avoid say more about me than the things I chase.",Thoughts
"Funny how advice is easy to give and so hard to follow.",Thoughts
"I feel really anxious and I can't pin down why.",Feelings
"Honestly I'm exhausted and a bit numb today.",Feelings
"I'm so happy right now, everything just feels light.",Feelings
"There's this knot of dread in my stomach about tomorrow.",Feelings
"I feel lonely even when I'm surrounded by people.",Feelings
"Proud of myself, and a little surprised by it.",Feelings
"I'm frustrated and kind of hurt by what she said.",Feelings
"Overwhelmed. Too much at once and no energy left.",Feelings
"Woke up early, went for a run, then had breakfast with Sam at the cafe.",Journal
"Today we drove to the coast and spent the afternoon walking on the beach.",Journal
"Spent the evening cooking dinner with my sister and watching an old movie.",Journal
"This morning the train was delayed so I read for an hour on the platform.",Journal
"Visited grandma in the afternoon; she told stories about her childhood.",Journal
"Rainy Saturday. Stayed in, cleaned the apartment, called Mom.",Journal
"Went to the farmers market, bought peaches, and ran into an old classmate.",Journal
"After class I met friends at the library and we ended up talking until midnight.",Journal
"Remote work is overrated; teams lose a lot without hallway conversations.",Opinions
"I think the new Dune movies are better than the books.",Opinions
"Social media has done more harm than good for most teenagers.",Opinions
"Python is a far better first language than Java.",Opinions
"Tipping culture in the US has gotten completely out of hand.",Opinions
"Honestly, pineapple belongs on pizza and I will defend that.",Opinions
"Standardized tests are a poor measure of how smart someone is.",Opinions
"Electric cars are the obvious future, the debate is just about timing.",Opinions
"The sprint review got moved to Thursday, need the demo ready by then.",Work
"Manager wants the quarterly report numbers double-checked before Friday.",Work
"Production deploy failed again because of the flaky integration tests.",Work
"Had a one-on-one today; we talked about my promotion timeline.",Work
"The client meeting went well but they want the scope reduced.",Work
"Our team is short-staffed so I'm covering on-call this week.",Work
"Code review backlog is huge, nobody is merging pull requests.",Work
"Need to sync with design about the onboarding flow before we build it.",Work
"What if there was an app that matched people to volunteer gigs by skill?",Ideas
"Idea: a browser extension that summarizes long email threads.",Ideas
"Could build a tool that auto-organizes my notes using embeddings.",Ideas
"A board game where players trade time instead of money could be fun.",Ideas
"Startup idea: subscription boxes for local, seasonal produce.",Ideas
"Write a short story told entirely through text messages.",Ideas
"Maybe a plugin that turns meeting transcripts into action items.",Ideas
"A smart plant pot that texts you when it needs water.",Ideas
"Buy milk, eggs, and bread.",To-dos
"Reply to the landlord's email.",To-dos
"Pick up dry cleaning before 6.",To-dos
"Pay the electricity bill.",To-dos
"Return the library books.",To-dos
"Clean out the garage this weekend.",To-dos
"Send the birthday card to Aunt Lisa.",To-dos
"Water the plants and take out the recycling.",To-dos
