text,latent_topic
"Need to book a dentist appointment for next month.",appointments
"Renew my passport before the summer trip.",appointments
"Schedule the driving test, the earliest slot is in March.",appointments
"Doctor's checkup moved to Tuesday at 3pm.",appointments
"Call the vet to set up Bella's vaccinations.",appointments
"Haircut booked for Saturday morning.",appointments
"Visa interview at the consulate on the 14th, bring documents.",appointments
"Reschedule the eye exam, I can't make Wednesday.",appointments
"Bake the sourdough at 250 degrees for 20 minutes with the lid on.",recipes
"For the curry, toast the cumin and coriander before adding onions.",recipes
"Pancakes: two cups flour, two eggs, a cup and a half of milk.",recipes
"Marinate the chicken in yogurt and garlic overnight.",recipes
"Simmer the tomato sauce for at least an hour so it thickens.",recipes
"Add a pinch of salt to the caramel right at the end.",recipes
"Leg day: five sets of squats, then lunges and calf raises.",fitness
"Ran 5k in 27 minutes, my best pace so far.",fitness
"Rest days matter, muscles grow during recovery not during the workout.",fitness
"Bench press up to 60kg for three reps.",fitness
"Did thirty minutes of yoga and some mobility drills.",fitness
"Trying a couch-to-10k plan, three runs a week.",fitness
"The mitochondria is the powerhouse of the cell.",noise
"Bus 42 doesn't stop on Elm Street anymore.",noise
"The wifi password is on the back of the router.",noise
